customer_id,tenure_months,orders_last_90_days,total_spend_last_90_days,avg_order_value,support_tickets_last_90_days,days_since_last_order
C00001,8.1,2,13643.56,2520.7,5,49.55
C00002,11.1,3,18474.04,1750.75,3,6.8
C00003,3.95,2,3476.07,1625.24,0,60.38
C00004,9.4,4,7473.4,1249.45,5,60.48
C00005,32.29,17,65786.01,3353.38,2,11.0
C00006,14.74,4,1403.6,1222.04,4,25.95
C00007,5.74,2,8550.57,1759.04,5,44.89
C00008,10.01,2,13204.08,1919.0,8,47.66
C00009,26.7,15,28134.62,2279.9,0,1.0
C00010,10.83,13,18800.04,2551.7,4,23.48
C00011,12.59,11,22279.21,1898.17,4,21.96
C00012,4.8,1,1460.63,1525.95,2,30.73
C00013,15.19,4,9045.48,2420.75,9,39.98
C00014,13.73,1,4358.33,1520.4,1,12.46
C00015,16.97,4,23352.85,2630.88,2,20.11
C00016,13.65,7,22485.23,2086.51,6,14.62
C00017,24.0,9,22581.0,1943.49,3,17.19
C00018,22.15,21,57852.24,3167.1,4,13.8
C00019,5.5,2,2189.32,1507.01,1,74.16
C00020,17.55,3,10484.05,931.75,2,66.94
C00021,15.42,3,4184.01,1790.71,10,67.36
C00022,19.02,8,17224.42,1354.78,3,23.92
C00023,1.0,1,1495.3,1210.39,2,7.48
C00024,9.46,3,2673.57,755.79,1,67.19
C00025,1.0,2,4550.0,2121.83,5,61.06
C00026,21.39,15,18086.76,2231.62,1,26.33
C00027,13.44,7,18899.88,1552.99,3,24.77
C00028,30.05,12,50885.72,3233.91,0,3.7
C00029,34.14,19,55707.74,3736.77,2,10.63
C00030,33.98,3,5505.29,1971.12,7,47.1
C00031,7.77,6,8317.11,1507.09,8,53.36
C00032,5.99,3,1320.55,1605.79,5,53.39
C00033,15.74,7,17153.47,2011.11,2,24.41
C00034,7.6,12,17291.41,2231.93,1,27.3
C00035,25.47,12,12183.6,2390.19,4,6.76
C00036,17.85,10,21502.34,2162.04,3,28.32
C00037,36.58,7,49143.05,2825.91,0,8.38
C00038,25.49,6,20513.8,1779.46,2,28.34
C00039,14.74,10,10579.52,2751.81,4,16.72
C00040,19.03,1,10456.33,1670.41,6,47.63
C00041,14.52,11,20151.58,2328.11,3,21.59
C00042,5.32,4,961.69,1878.28,4,29.66
C00043,30.6,4,9927.85,1811.21,6,51.86
C00044,20.34,13,19815.91,1780.99,4,24.45
C00045,9.62,3,2647.79,1221.3,1,15.56
C00046,7.95,2,2428.02,613.31,0,65.18
C00047,14.01,10,12741.92,2603.55,3,20.03
C00048,31.95,14,17620.45,1892.37,3,21.57
C00049,14.26,2,11167.95,1754.32,11,56.36
C00050,40.5,19,60666.65,2573.93,1,9.84
C00051,23.93,9,13211.23,1623.91,1,5.63
C00052,28.77,23,51879.26,1882.81,2,7.35
C00053,29.67,1,6523.31,2482.34,7,63.45
C00054,15.8,3,9444.02,1476.21,8,34.4
C00055,17.3,3,5959.27,1790.93,5,38.92
C00056,12.52,1,8306.99,1339.97,7,37.28
C00057,14.6,7,24963.16,2215.6,3,21.49
C00058,5.36,9,27988.81,2146.32,3,21.84
C00059,34.27,10,36859.06,2994.63,1,13.25
C00060,25.79,10,40587.87,1662.65,2,7.25
C00061,12.03,5,10496.3,1731.84,2,64.26
C00062,21.33,10,23416.66,1692.31,6,11.28
C00063,22.5,4,14813.81,2630.73,3,23.88
C00064,16.66,3,10909.63,1705.34,2,42.95
C00065,18.86,4,3582.35,1510.26,5,49.52
C00066,9.74,7,15721.25,2370.04,4,16.98
C00067,15.65,9,15325.41,1698.61,2,13.56
C00068,11.02,9,22283.72,1544.52,3,16.46
C00069,30.39,18,38917.61,2331.92,2,12.12
C00070,4.71,10,24353.3,2046.44,4,13.08
C00071,17.28,4,8450.46,2429.97,2,14.81
C00072,9.68,5,18217.73,1844.65,4,21.17
C00073,8.28,2,5051.1,1179.72,2,65.39
C00074,25.59,5,17594.4,2575.34,4,19.37
C00075,26.48,16,54593.97,2786.43,2,8.31
C00076,13.93,11,32114.1,1478.05,3,12.68
C00077,21.46,9,22428.35,2511.43,3,25.92
C00078,1.0,5,8437.66,2231.14,4,42.54
C00079,18.88,9,20273.81,2479.58,0,24.82
C00080,15.06,3,3822.21,2001.22,1,64.73
C00081,4.56,3,7202.08,2267.82,6,44.59
C00082,14.96,13,21413.34,1965.03,3,7.03
C00083,8.55,0,3977.34,1538.59,6,25.2
C00084,27.28,25,62722.51,2586.7,2,8.01
C00085,29.97,15,51196.12,2180.88,2,9.8
C00086,26.41,12,60896.79,3064.04,1,6.88
C00087,4.5,1,6155.47,2291.37,5,64.6
C00088,14.77,10,18363.72,2405.57,2,6.99
C00089,18.33,16,40758.46,3084.6,2,17.5
C00090,7.57,10,13924.21,1927.31,3,1.72
C00091,29.66,26,47919.06,3016.91,3,7.34
C00092,10.93,0,9102.48,1754.73,4,56.9
C00093,14.5,7,21728.31,1631.57,5,8.22
C00094,14.02,15,24073.1,2134.16,2,14.3
C00095,18.44,9,18591.08,2089.21,3,7.91
C00096,11.38,4,4079.16,1724.18,4,56.67
C00097,15.67,13,21279.62,1640.87,4,12.58
C00098,23.96,19,47574.27,3301.79,1,5.52
C00099,23.41,16,61892.72,3182.96,4,17.07
C00100,2.88,2,1470.94,1266.72,1,25.97
C00101,2.79,2,1418.27,1752.64,1,95.57
C00102,11.84,3,4261.65,2482.44,8,59.45
C00103,9.92,10,13953.56,2611.82,4,18.67
C00104,1.0,1,3894.09,1863.87,4,16.34
C00105,17.11,5,3354.16,1796.84,7,50.49
C00106,2.03,3,6681.74,1740.77,5,48.35
C00107,17.76,10,17630.08,1956.62,3,4.55
C00108,20.86,9,19178.62,2436.26,0,4.18
C00109,29.92,18,53531.59,2692.04,3,11.73
C00110,8.94,2,260.0,1730.77,4,56.6
C00111,12.72,11,22872.38,2645.59,2,16.41
C00112,22.48,9,13972.03,2245.12,4,18.62
C00113,19.32,8,25652.26,1784.76,2,18.08
C00114,23.27,5,13103.66,1386.8,3,10.17
C00115,25.31,21,46226.12,3004.08,2,10.69
C00116,8.9,1,2780.75,1813.12,3,19.85
C00117,19.59,1,11031.28,2209.64,7,57.36
C00118,13.54,4,6573.05,1894.23,8,46.57
C00119,14.3,5,14209.87,1460.06,4,30.66
C00120,24.98,1,9312.14,2368.84,5,56.52
C00121,5.95,10,14213.98,2169.87,1,21.8
C00122,22.17,2,4657.69,937.59,5,46.28
C00123,17.14,20,47950.27,2415.92,1,12.29
C00124,21.62,9,21785.97,1693.68,3,19.03
C00125,24.71,20,44976.1,3129.42,3,1.0
C00126,25.14,0,16227.78,2458.87,3,7.74
C00127,11.44,12,10353.23,2495.15,3,9.65
C00128,23.92,14,59796.03,3229.59,0,6.39
C00129,21.96,23,39849.11,3621.9,2,3.35
C00130,13.94,7,13264.22,2133.19,1,2.74
C00131,25.34,11,45230.55,2490.9,1,16.0
C00132,7.23,2,690.68,1303.81,2,26.56
C00133,23.45,5,17711.35,1894.88,3,13.52
C00134,16.37,8,15695.26,2269.78,3,17.38
C00135,15.42,11,17938.75,1992.66,3,29.88
C00136,18.62,21,34961.46,2997.77,4,9.95
C00137,7.68,1,3040.36,1424.38,1,39.78
C00138,19.19,7,15371.73,1623.91,4,21.82
C00139,16.62,4,7719.67,1956.8,7,53.63
C00140,24.28,27,47932.44,2600.36,2,9.01
C00141,9.57,12,18576.12,1711.17,5,22.38
C00142,10.41,14,21964.59,2096.43,5,19.12
C00143,6.89,1,3756.41,1642.98,2,30.78
C00144,18.78,9,12999.37,1584.87,4,1.0
C00145,19.23,8,24887.11,1927.29,4,15.22
C00146,18.68,11,16918.5,2448.79,2,20.06
C00147,23.54,11,27624.0,1832.8,1,11.04
C00148,21.96,10,19460.15,1706.97,4,9.43
C00149,24.95,18,20649.03,2304.09,2,5.33
C00150,23.78,14,38976.96,3675.06,2,9.52
C00151,5.76,2,4253.92,1490.3,3,41.47
C00152,5.63,1,428.93,1421.53,2,21.85
C00153,27.76,18,32595.93,2488.19,2,9.55
C00154,11.08,9,23600.83,2371.98,3,14.72
C00155,23.59,20,53755.94,3183.23,2,11.28
C00156,15.66,4,9677.06,1478.19,2,78.15
C00157,19.54,4,15787.81,2370.16,3,14.42
C00158,24.81,1,5504.62,1884.55,7,62.45
C00159,21.38,3,8723.46,1696.32,6,56.61
C00160,16.51,4,8887.86,1817.69,4,56.02
C00161,27.8,19,71858.73,2664.3,2,12.27
C00162,7.39,4,2508.55,1597.23,1,38.67
C00163,19.49,12,20435.93,2540.69,3,15.67
C00164,46.93,20,45524.67,2587.58,1,11.75
C00165,15.81,9,18714.21,2356.02,2,10.47
C00166,19.35,11,20496.4,1816.69,4,12.79
C00167,4.91,1,4691.51,1690.03,3,67.45
C00168,18.25,0,2040.11,1315.15,1,25.6
C00169,16.2,5,20507.69,2118.09,4,21.55
C00170,9.41,2,5757.49,1570.33,0,26.96
C00171,7.56,9,18451.88,1936.05,6,21.84
C00172,22.36,6,14503.85,2112.88,3,5.01
C00173,16.92,9,18031.83,1815.31,2,16.76
C00174,7.36,3,4405.11,1411.7,1,52.88
C00175,32.28,16,59113.54,3340.81,3,15.11
C00176,21.94,18,52101.5,2855.87,1,2.06
C00177,18.56,7,19386.97,1822.08,1,19.64
C00178,7.6,3,5841.62,1583.19,3,25.6
C00179,1.85,4,1799.48,1186.82,2,43.38
C00180,8.68,3,10573.44,1477.6,3,69.14
C00181,8.97,1,943.18,1276.61,2,65.98
C00182,2.85,2,3877.69,785.62,4,23.72
C00183,19.99,10,23880.64,2292.82,0,12.51
C00184,18.83,8,21149.25,2376.28,4,16.5
C00185,2.08,2,8540.92,1363.82,7,68.63
C00186,15.89,0,4304.78,2554.48,5,25.24
C00187,25.41,9,23972.23,2196.94,4,20.54
C00188,32.88,27,60739.06,2188.85,2,12.57
C00189,23.42,2,10412.36,2171.1,11,43.75
C00190,14.96,8,16794.0,1788.49,0,14.96
C00191,8.48,2,5516.0,1504.01,4,49.71
C00192,22.96,10,25159.53,2119.58,4,20.56
C00193,25.98,20,72109.48,2778.32,2,13.03
C00194,11.56,2,100.0,1655.01,0,71.46
C00195,29.19,22,43881.0,2201.37,2,7.87
C00196,24.56,18,76906.92,3275.54,3,11.38
C00197,26.88,8,9753.57,2033.99,4,11.21
C00198,6.29,1,4952.64,1724.84,3,56.19
C00199,17.78,10,13666.67,1334.75,3,20.27
C00200,25.26,14,26064.99,1750.69,2,21.36
C00201,32.72,5,10298.49,1644.88,4,66.83
C00202,2.6,2,2850.79,1977.87,1,1.09
C00203,21.03,7,19191.84,2069.65,3,23.53
C00204,17.27,16,58156.34,2623.66,0,10.67
C00205,35.86,18,34352.39,3217.69,0,9.24
C00206,12.68,6,17011.4,2035.85,2,22.12
C00207,24.88,22,54530.56,2586.1,1,1.41
C00208,17.04,2,1569.51,1585.71,4,78.64
C00209,16.08,12,61989.73,3510.54,1,5.47
C00210,21.7,2,10624.63,2001.74,5,14.95
C00211,15.71,5,12767.21,1569.26,6,82.33
C00212,8.87,12,14417.58,2135.87,3,11.29
C00213,12.1,10,23479.93,2054.59,3,22.0
C00214,3.11,3,4065.15,2281.09,1,36.75
C00215,20.38,4,6162.28,1638.73,7,42.59
C00216,12.13,3,9989.85,1558.16,2,26.25
C00217,19.18,13,50608.5,2365.0,1,4.9
C00218,24.92,23,57957.53,2907.26,2,6.27
C00219,8.31,3,1820.1,1510.94,0,48.81
C00220,22.57,8,27174.37,1791.57,3,17.75
C00221,17.4,9,19481.97,2396.79,5,17.98
C00222,22.89,7,22446.8,1833.3,5,33.47
C00223,14.15,0,6129.82,2292.75,7,58.73
C00224,11.03,2,4583.04,1775.83,4,51.46
C00225,23.43,8,16293.43,2697.37,3,23.63
C00226,7.49,1,3014.28,1930.8,3,14.19
C00227,26.49,25,50075.83,2089.78,4,10.73
C00228,17.58,8,23870.58,1910.31,5,21.8
C00229,16.71,3,7062.58,2218.26,4,30.67
C00230,32.3,21,56322.17,3083.48,2,11.15
C00231,27.68,16,49192.98,3809.29,0,10.0
C00232,7.93,9,17048.68,1370.24,4,15.34
C00233,1.0,3,4865.51,1947.04,3,45.83
C00234,25.97,14,24101.06,1770.46,3,21.08
C00235,1.0,2,5954.89,1691.98,4,48.29
C00236,6.71,2,1939.43,1210.87,4,69.7
C00237,12.05,12,18608.68,2218.93,4,24.96
C00238,15.58,5,8273.53,2049.67,4,87.38
C00239,31.29,21,37526.33,2529.78,3,9.15
C00240,14.6,22,47105.95,3535.09,2,8.82
C00241,11.72,1,1709.3,1441.05,3,21.04
C00242,3.32,4,5992.55,1643.11,2,44.82
C00243,17.95,12,15529.46,2680.08,2,13.22
C00244,27.22,10,16515.89,2045.7,5,28.26
C00245,9.28,3,7725.39,1405.5,6,55.08
C00246,11.56,3,2572.03,1435.81,3,34.47
C00247,19.12,3,5076.5,1417.27,9,52.65
C00248,27.84,7,20310.42,2937.44,1,4.72
C00249,25.72,7,18906.82,1894.93,3,11.35
C00250,16.92,10,14462.61,1854.97,2,8.0
C00251,12.04,3,6501.13,1691.45,6,45.16
C00252,9.76,3,2396.31,1645.56,2,51.58
C00253,27.39,11,11019.63,2258.9,5,16.45
C00254,23.97,7,12315.07,2149.41,0,16.32
C00255,25.72,3,13242.26,1738.79,3,15.44
C00256,24.79,4,8738.18,1858.25,7,42.07
C00257,10.43,1,4085.99,1855.84,2,41.83
C00258,30.8,7,54720.32,2848.99,2,10.83
C00259,27.48,13,50727.38,2930.4,2,8.65
C00260,24.24,6,19790.65,2551.48,0,19.26
C00261,23.9,17,43856.73,2823.7,4,2.94
C00262,2.32,1,5245.64,1361.3,2,37.75
C00263,12.33,8,30062.1,2587.22,2,22.53
C00264,22.18,11,61175.6,3422.04,3,6.12
C00265,6.33,3,3508.94,1381.91,0,47.05
C00266,35.55,13,57748.83,3049.19,3,11.49
C00267,13.83,4,16599.16,2411.19,2,13.14
C00268,15.25,25,59431.42,3246.45,3,10.31
C00269,26.29,17,48151.92,4085.63,3,6.14
C00270,31.26,14,65540.56,2602.52,3,12.26
C00271,30.69,18,52097.22,2874.6,1,6.2
C00272,38.36,18,44927.83,2667.67,3,10.7
C00273,31.92,17,57160.26,2610.4,2,11.88
C00274,23.25,6,15150.13,2138.05,6,4.59
C00275,16.95,1,5914.17,1654.23,5,46.99
C00276,18.04,7,12418.94,2372.95,4,23.9
C00277,8.76,10,22041.9,1739.08,3,17.19
C00278,29.05,15,11510.4,2972.87,2,24.86
C00279,10.88,1,3641.25,1467.74,3,49.15
C00280,11.79,2,2781.76,1828.82,3,58.17
C00281,23.35,14,46890.5,2620.63,3,11.9
C00282,17.07,13,25158.11,2185.19,2,29.03
C00283,17.63,9,17471.78,1788.57,1,22.43
C00284,13.3,18,14112.67,1659.92,4,28.71
C00285,18.39,11,10704.04,1862.87,1,4.73
C00286,18.7,2,13050.12,1911.98,2,20.77
C00287,30.14,22,58771.45,3413.37,2,9.21
C00288,21.07,9,17212.63,1983.65,2,20.95
C00289,17.44,7,16019.9,1676.36,4,18.55
C00290,21.96,21,46955.96,2267.07,3,5.85
C00291,5.36,2,4485.37,1506.01,0,54.79
C00292,24.61,26,51989.92,1894.23,2,15.78
C00293,13.3,4,1674.31,1773.65,1,49.04
C00294,19.09,15,45913.78,3304.35,3,9.11
C00295,1.6,2,2030.05,1760.9,4,64.01
C00296,3.98,0,702.95,1926.49,1,31.49
C00297,13.57,3,3031.78,1411.98,2,49.09
C00298,13.4,2,3943.84,1850.78,0,58.59
C00299,12.94,0,2179.58,1392.75,7,56.71
C00300,16.29,6,4327.28,1789.03,7,43.96
C00301,15.2,1,11024.77,1527.35,10,54.51
C00302,35.2,18,51723.31,2637.19,2,9.27
C00303,13.29,9,16254.56,2904.88,3,28.82
C00304,16.83,10,13053.86,1943.52,3,29.1
C00305,7.89,3,3832.95,1988.22,2,88.02
C00306,15.09,7,13554.76,2915.86,4,15.66
C00307,25.49,11,27847.57,1558.26,3,14.76
C00308,1.18,5,6824.01,2095.85,11,49.7
C00309,15.47,9,23442.61,1901.65,2,25.4
C00310,30.65,10,40971.47,3575.56,2,4.95
C00311,16.98,9,22310.8,1624.61,2,19.91
C00312,17.4,11,13467.22,2225.0,5,21.41
C00313,18.83,9,15243.17,2074.8,5,17.17
C00314,12.66,8,19903.83,1969.27,4,21.66
C00315,23.33,13,23481.36,1773.02,2,17.47
C00316,15.29,6,17012.39,1933.92,2,15.79
C00317,25.07,10,30123.14,2159.68,3,18.03
C00318,16.8,4,12691.78,1461.87,8,58.12
C00319,8.57,11,24704.31,1799.99,3,5.92
C00320,1.96,3,2393.66,1167.36,2,35.6
C00321,5.12,3,1489.75,1228.39,2,62.45
C00322,25.43,7,23218.2,1825.55,6,10.06
C00323,25.97,7,28059.61,2306.96,1,14.34
C00324,22.69,12,18681.78,2115.63,4,18.92
C00325,1.83,1,3305.66,1864.64,4,59.03
C00326,17.01,4,5833.12,1738.71,4,36.27
C00327,8.33,2,3893.95,1663.83,2,55.02
C00328,17.74,10,15732.35,2229.4,4,13.31
C00329,15.36,2,6183.73,1350.03,9,70.99
C00330,21.22,15,18148.39,3161.12,3,19.79
C00331,12.22,4,9589.04,1754.43,10,58.59
C00332,19.62,6,20883.25,2053.09,2,12.56
C00333,33.7,3,3857.54,1520.71,6,63.2
C00334,9.22,3,2161.68,1602.13,1,33.85
C00335,21.58,13,61577.89,3209.88,3,8.16
C00336,20.44,0,9657.72,1870.85,7,60.7
C00337,21.09,12,45591.51,3154.21,3,2.53
C00338,8.13,2,6606.74,1255.18,3,42.67
C00339,28.6,13,50957.77,3376.35,1,7.17
C00340,11.1,2,2254.23,1849.05,2,64.88
C00341,31.0,17,56317.21,3044.2,3,5.81
C00342,7.16,2,3915.39,1192.45,4,53.39
C00343,1.73,3,5904.32,1800.55,4,46.54
C00344,8.03,3,20147.87,1892.81,2,17.56
C00345,19.31,1,6377.81,2403.95,4,68.05
C00346,11.61,4,10243.32,2096.51,8,37.73
C00347,11.45,1,3337.4,1577.47,3,51.07
C00348,12.94,5,22925.57,2165.04,5,17.69
C00349,9.57,12,17333.33,2219.7,2,29.51
C00350,21.86,17,52967.04,2408.52,2,14.45
C00351,11.57,4,626.41,1784.43,5,42.72
C00352,35.57,17,50402.7,2730.26,0,3.47
C00353,23.77,3,15551.58,1960.1,6,23.38
C00354,14.66,13,15667.68,2453.18,1,25.51
C00355,15.56,6,18022.85,2197.07,2,21.88
C00356,14.5,11,20990.0,2078.68,2,19.06
C00357,18.85,6,9848.55,2190.4,12,62.74
C00358,18.39,4,4977.59,1622.44,5,64.71
C00359,16.95,9,23893.55,2402.1,3,13.31
C00360,24.81,11,11771.84,1990.4,3,23.45
C00361,10.64,2,3760.82,1519.24,1,40.3
C00362,28.13,18,35029.84,2721.13,2,6.87
C00363,26.27,20,42289.39,2167.38,2,11.06
C00364,39.81,21,38785.63,2795.43,2,8.71
C00365,18.78,2,7662.36,1968.13,8,42.91
C00366,15.93,1,16203.42,1916.45,1,19.16
C00367,14.61,0,8038.77,1428.67,7,35.77
C00368,15.21,3,8257.75,1849.88,5,31.96
C00369,9.14,7,18962.74,1887.11,4,16.05
C00370,3.14,2,3293.62,1597.47,5,32.96
C00371,14.49,4,7441.44,1599.75,3,47.34
C00372,11.56,4,15419.45,1733.52,4,22.21
C00373,12.58,8,10637.91,1926.98,4,23.77
C00374,13.72,12,12179.39,1663.33,4,29.7
C00375,31.45,18,32243.35,1989.9,2,6.57
C00376,20.26,18,53036.18,3324.99,2,12.91
C00377,7.03,2,4383.61,1206.47,6,51.75
C00378,20.28,11,27447.11,2377.38,1,27.82
C00379,15.95,9,13243.36,2284.17,2,18.7
C00380,13.01,6,12455.65,1818.61,6,49.4
C00381,24.64,8,17103.98,2442.51,2,17.74
C00382,1.0,3,5523.13,1716.37,4,29.77
C00383,16.65,2,6930.59,2108.88,6,33.81
C00384,10.11,5,21211.54,2822.36,5,4.73
C00385,26.53,12,12046.15,1993.88,5,21.85
C00386,1.76,3,221.25,1433.15,4,45.33
C00387,11.51,4,9936.88,2324.02,8,71.22
C00388,9.93,2,3116.36,1428.82,0,27.8
C00389,26.03,19,64967.31,2881.19,3,12.32
C00390,6.07,3,2683.41,1896.64,3,23.57
C00391,16.13,5,7046.92,1979.09,7,39.45
C00392,31.57,12,46369.38,3384.08,2,6.78
C00393,20.68,9,19056.6,2329.89,2,18.28
C00394,12.81,1,5198.86,2427.28,7,35.15
C00395,17.22,18,66050.68,2815.96,3,9.41
C00396,20.83,5,23218.85,1982.77,4,12.3
C00397,7.71,2,2799.76,1621.36,2,33.32
C00398,27.63,12,15576.11,2298.96,2,9.71
C00399,24.2,4,23170.85,2011.55,3,20.87
C00400,21.49,7,22229.77,2139.68,1,16.81
C00401,26.29,14,22228.07,1683.38,4,23.96
C00402,9.9,3,3472.24,1478.28,1,10.84
C00403,17.38,3,8893.94,1264.98,7,85.82
C00404,28.55,18,54781.02,3814.55,1,8.81
C00405,3.8,1,2935.53,1904.2,5,53.07
C00406,5.49,4,2444.18,1328.66,0,70.13
C00407,23.81,16,12747.14,2610.36,3,23.64
C00408,1.0,3,4022.47,1488.33,3,31.22
C00409,23.94,16,35325.45,3287.79,3,5.19
C00410,8.39,2,3426.76,1311.73,1,63.94
C00411,14.55,6,7615.77,1429.57,8,64.46
C00412,20.09,5,5868.01,1749.1,6,35.64
C00413,26.15,23,54136.04,2294.27,0,14.66
C00414,6.64,1,2643.81,1056.81,4,37.93
C00415,37.57,18,64865.79,3015.51,3,10.88
C00416,21.74,10,17952.17,2770.4,2,18.03
C00417,28.1,20,48134.75,3041.64,2,1.67
C00418,15.07,1,3164.04,1854.75,7,62.9
C00419,21.4,3,12875.42,2790.73,1,22.28
C00420,4.25,2,2176.77,1668.46,2,36.93
C00421,7.65,3,4468.2,1970.99,11,75.25
C00422,33.03,18,34551.23,2304.97,3,4.84
C00423,23.11,17,42441.58,2347.95,2,4.43
C00424,22.81,15,56701.24,2795.54,2,10.39
C00425,14.01,3,8676.13,2067.28,6,56.21
C00426,3.87,1,3999.89,1633.48,3,50.06
C00427,18.28,11,23207.99,2418.93,3,27.71
C00428,7.91,3,3366.71,1574.1,1,57.62
C00429,47.92,17,52638.95,2699.21,2,14.18
C00430,4.31,2,936.26,1272.72,0,56.37
C00431,18.2,2,833.21,1770.0,1,68.39
C00432,13.03,2,7055.11,2103.11,6,47.55
C00433,13.61,1,8492.58,1085.31,5,66.39
C00434,8.21,3,2915.44,1850.92,3,53.03
C00435,34.49,21,48044.83,2295.25,2,10.18
C00436,24.54,6,14921.06,2260.97,3,4.8
C00437,30.63,11,43492.69,3508.26,4,3.14
C00438,16.02,9,27015.52,1927.5,2,28.84
C00439,12.38,4,3807.14,1731.51,3,39.17
C00440,20.87,3,6702.24,1500.5,6,59.52
C00441,10.93,0,1918.71,1547.73,2,52.26
C00442,29.87,17,47258.32,2789.52,3,5.07
C00443,14.56,3,11400.88,1679.88,8,73.48
C00444,17.62,8,17519.26,2010.46,4,19.62
C00445,19.41,6,14646.29,2850.21,3,12.58
C00446,25.02,3,8945.39,1744.78,5,52.46
C00447,1.47,2,3384.84,2055.14,2,2.98
C00448,14.34,7,9665.92,1475.64,7,43.87
C00449,18.52,17,52823.74,2057.53,1,8.04
C00450,12.14,4,4463.33,2085.65,4,79.64
C00451,15.99,14,55756.34,3648.9,2,10.25
C00452,7.07,1,2362.82,1136.43,0,52.23
C00453,7.14,3,4245.44,1918.55,5,76.1
C00454,30.27,23,45199.18,2925.26,1,6.35
C00455,26.17,15,41060.47,2263.92,0,3.77
C00456,21.76,4,12843.45,2726.81,2,20.25
C00457,9.57,3,1020.99,1430.68,0,89.03
C00458,8.43,6,14317.3,1576.17,5,34.96
C00459,11.67,1,1907.69,1702.36,5,45.23
C00460,16.55,4,8307.71,1673.55,4,64.99
C00461,18.08,12,22555.34,1602.38,1,12.71
C00462,20.61,21,55161.79,3394.63,2,8.83
C00463,11.8,2,3088.53,1944.14,2,39.52
C00464,12.97,11,24566.73,2082.29,5,4.21
C00465,17.67,9,15728.53,2934.35,3,15.15
C00466,15.18,0,5600.33,2193.3,5,42.57
C00467,24.17,5,8792.48,1617.95,6,42.94
C00468,3.02,1,2196.53,1189.58,0,48.95
C00469,29.64,25,45984.95,3033.25,2,6.98
C00470,22.47,11,20473.35,2010.53,2,8.43
C00471,13.16,7,13942.13,2253.97,5,11.64
C00472,19.7,6,17627.85,1858.38,4,13.25
C00473,35.08,17,46153.57,2336.01,2,11.58
C00474,29.91,27,64868.09,2761.61,2,9.88
C00475,12.97,12,20627.2,2189.76,4,30.06
C00476,19.03,9,25789.24,2438.64,3,18.04
C00477,19.17,10,12895.3,1560.13,2,11.25
C00478,10.49,4,7077.68,1878.56,4,48.08
C00479,19.11,4,5688.57,1864.66,10,54.74
C00480,13.84,8,19414.8,2047.09,3,7.9
C00481,12.22,9,18256.29,1901.83,3,18.43
C00482,23.34,9,20795.96,1910.44,4,20.63
C00483,23.19,11,21649.31,2065.55,3,25.44
C00484,14.09,7,19816.44,2245.35,2,17.48
C00485,27.34,9,50023.65,2829.21,2,13.66
C00486,10.71,7,7245.12,1931.68,2,14.43
C00487,24.65,12,19350.36,1970.29,5,17.86
C00488,13.09,4,17014.08,2364.13,6,18.43
C00489,13.41,5,21483.8,1482.38,4,23.72
C00490,20.62,8,21542.23,2159.83,2,30.95
C00491,12.54,4,1453.46,2310.59,9,55.45
C00492,18.91,4,5893.04,2018.85,4,45.87
C00493,22.89,4,5734.06,1506.57,5,65.99
C00494,12.0,10,22360.81,2069.11,5,15.87
C00495,13.5,2,10042.94,1493.39,7,53.93
C00496,11.68,7,25222.93,2170.58,1,20.14
C00497,17.12,19,20283.06,1966.78,5,5.11
C00498,15.66,6,7209.5,1106.68,5,76.82
C00499,20.26,6,15916.41,1904.1,4,27.37
C00500,24.31,10,13007.6,1635.22,4,8.58
C00501,13.42,3,4656.02,1390.3,6,62.55
C00502,11.25,3,3095.75,1276.14,0,35.8
C00503,8.64,2,270.13,1264.3,4,46.43
C00504,9.5,16,18869.76,2234.52,4,15.43
C00505,13.63,15,23514.43,2387.68,4,10.98
C00506,23.94,2,8208.22,1144.24,2,59.77
C00507,13.15,3,21432.74,2842.03,5,16.2
C00508,7.04,3,4458.77,1396.94,2,50.41
C00509,21.32,9,18459.62,2582.94,5,21.34
C00510,40.03,16,66606.76,3144.13,5,3.23
C00511,23.17,20,55575.11,3777.56,1,11.62
C00512,11.65,3,1750.7,1922.33,4,55.79
C00513,29.43,19,51291.38,3188.35,2,4.61
C00514,11.71,7,19999.6,2090.57,3,21.51
C00515,14.24,13,17795.3,1948.3,4,5.14
C00516,22.47,22,36363.2,3402.91,4,6.52
C00517,19.75,12,16899.45,2403.72,2,14.66
C00518,9.4,4,10394.92,1726.35,3,38.76
C00519,30.76,25,55543.52,2725.9,3,7.04
C00520,5.49,1,4830.98,738.24,3,36.65
C00521,5.36,4,2071.63,1295.98,2,52.45
C00522,15.35,4,15104.36,2548.47,3,21.16
C00523,26.17,15,67098.13,2815.31,2,12.38
C00524,9.94,2,7525.62,1800.11,7,86.38
C00525,30.35,8,54936.69,2917.05,2,8.98
C00526,17.83,9,21758.7,1910.27,2,39.17
C00527,4.14,2,1055.64,1534.94,1,37.04
C00528,11.18,2,3738.93,968.64,5,23.55
C00529,25.7,5,8943.33,1458.01,6,47.94
C00530,18.17,8,9826.25,2492.62,3,14.61
C00531,11.08,4,5265.61,897.93,7,62.79
C00532,13.6,1,7722.34,1214.19,4,43.74
C00533,23.06,8,16984.6,2784.14,4,20.37
C00534,12.41,2,2033.98,2187.5,7,52.31
C00535,27.04,21,38007.61,2634.55,1,15.09
C00536,23.25,2,12188.07,2053.68,2,8.73
C00537,29.67,10,21136.67,1857.79,4,15.34
C00538,26.02,20,37339.02,3618.66,2,13.12
C00539,20.47,14,41542.9,3012.63,2,6.14
C00540,2.94,1,2936.97,1360.32,1,72.85
C00541,6.67,3,2306.77,1573.43,2,14.44
C00542,26.57,9,22358.88,1836.79,3,11.93
C00543,11.94,2,3477.17,1907.46,4,58.78
C00544,1.31,1,1694.95,1718.26,2,19.97
C00545,26.68,12,51521.59,2155.08,3,9.51
C00546,29.45,12,17096.89,2386.32,1,11.26
C00547,20.0,3,18832.78,1742.91,3,10.46
C00548,30.97,18,64603.29,2903.03,1,7.01
C00549,5.59,4,8974.63,2787.68,5,50.98
C00550,14.55,10,20717.61,2081.32,5,13.68
C00551,23.92,11,18945.87,1989.77,7,12.28
C00552,30.09,15,68070.59,3299.07,1,10.05
C00553,19.55,7,22411.74,2236.26,3,17.71
C00554,8.72,2,3076.82,1307.7,5,26.09
C00555,30.99,17,67835.93,2493.43,1,4.12
C00556,19.94,5,16846.62,1346.67,3,14.5
C00557,9.07,12,13115.5,2378.93,2,29.21
C00558,22.5,6,14873.13,2311.93,3,16.81
C00559,25.63,7,19410.82,2434.12,4,16.88
C00560,16.27,4,14246.9,2211.43,3,18.52
C00561,35.27,13,49874.38,2984.92,1,13.73
C00562,23.45,10,27074.04,1575.39,3,20.56
C00563,3.34,2,1561.44,1707.17,4,49.9
C00564,2.03,2,8911.78,1808.48,1,73.64
C00565,15.96,2,9987.39,1528.98,5,60.38
C00566,27.47,5,8399.28,1984.95,8,36.15
C00567,19.51,2,8296.2,1709.01,7,56.77
C00568,6.49,19,57779.38,3100.67,2,14.57
C00569,19.87,10,23700.21,2226.91,2,1.0
C00570,15.14,11,17411.07,2380.41,3,27.02
C00571,16.23,10,21276.48,2625.56,0,14.79
C00572,10.39,4,3312.09,1412.19,3,60.64
C00573,15.84,10,24312.37,2761.66,4,18.31
C00574,14.62,4,7210.82,1875.86,4,74.46
C00575,2.44,2,3126.87,2097.3,1,33.01
C00576,14.7,14,6344.44,1749.04,7,22.14
C00577,2.58,2,3087.69,1753.84,5,51.99
C00578,14.76,11,15857.86,1738.33,0,7.04
C00579,3.41,1,3407.21,1140.18,0,26.21
C00580,15.17,7,25837.86,1885.26,4,17.87
C00581,17.75,6,18735.48,1832.22,3,16.35
C00582,12.33,12,20920.78,1943.18,3,17.41
C00583,21.93,18,46410.89,2474.78,0,6.57
C00584,21.4,7,30343.19,2409.99,5,23.57
C00585,14.41,1,100.0,1366.16,3,47.73
C00586,16.93,5,8455.14,2119.57,4,38.57
C00587,39.3,18,46390.94,2620.37,1,5.16
C00588,10.3,4,18122.48,1892.48,5,20.05
C00589,19.59,7,18455.37,2226.35,4,17.34
C00590,35.55,18,59135.62,2679.57,0,9.07
C00591,9.9,3,3548.84,1395.42,1,54.93
C00592,20.56,7,23992.41,1791.0,2,29.45
C00593,23.21,8,20293.21,2154.18,0,11.65
C00594,17.69,8,20111.96,2495.32,3,10.6
C00595,30.27,17,50595.43,2768.7,4,1.0
C00596,15.67,9,15484.86,2414.94,4,17.67
C00597,13.11,3,7238.03,1768.65,6,58.79
C00598,20.27,1,4873.34,1100.59,8,58.75
C00599,9.02,1,5320.43,1317.34,2,60.38
C00600,8.09,2,7947.93,2942.99,7,79.1
C00601,25.23,10,14548.62,2470.91,1,29.21
C00602,16.4,0,6648.73,2061.58,6,65.73
C00603,3.6,1,2907.12,1509.47,1,67.09
C00604,9.05,3,7669.92,1177.31,3,55.18
C00605,14.92,3,756.67,566.85,3,43.27
C00606,22.99,2,8375.53,2138.47,5,48.61
C00607,7.1,3,2981.37,1792.2,1,21.09
C00608,41.84,16,46884.02,2870.39,2,6.45
C00609,14.88,3,7937.05,857.01,10,52.79
C00610,21.48,5,16880.5,1864.69,5,13.9
C00611,22.55,7,16963.21,2014.06,5,4.77
C00612,5.79,0,4781.24,1475.36,3,43.99
C00613,1.0,1,4560.55,1621.08,2,26.95
C00614,1.0,1,2943.83,1760.45,3,56.35
C00615,13.57,9,17553.96,2029.58,6,5.67
C00616,13.36,5,3835.27,1542.5,5,51.65
C00617,3.83,4,9165.72,2003.35,4,56.3
C00618,12.6,8,28690.61,2133.49,1,19.26
C00619,18.54,13,42629.89,2700.06,3,10.31
C00620,31.66,14,47128.17,3022.4,1,6.89
C00621,18.09,2,8065.15,2437.09,6,72.69
C00622,21.36,5,14040.38,1808.24,2,17.37
C00623,9.46,3,3400.63,1366.3,0,46.27
C00624,18.15,10,28478.08,2534.21,4,11.27
C00625,4.95,2,1991.97,1650.14,3,25.41
C00626,25.18,9,11219.18,2082.03,3,24.81
C00627,12.64,4,7967.85,1273.98,3,71.84
C00628,36.37,19,65461.36,3375.47,3,4.35
C00629,28.39,11,17263.73,1866.11,3,6.3
C00630,9.8,1,3481.79,1343.51,2,31.38
C00631,6.36,4,4800.58,1606.34,2,60.2
C00632,11.52,1,2899.33,953.41,4,82.17
C00633,28.56,9,57480.01,2493.16,1,10.51
C00634,19.53,8,16076.77,2144.04,2,10.24
C00635,25.67,19,50397.07,2263.92,3,1.0
C00636,24.88,16,53333.61,3152.75,3,5.15
C00637,19.11,3,3221.15,2560.22,3,61.29
C00638,17.73,3,6263.56,2130.9,3,54.01
C00639,11.05,2,8571.87,2230.99,5,66.71
C00640,7.2,1,2664.66,1410.15,1,52.71
C00641,16.64,1,3371.19,1969.87,4,59.53
C00642,10.12,1,1165.0,2002.33,3,37.45
C00643,21.46,16,41284.85,3297.54,1,12.37
C00644,15.6,6,17081.64,1181.54,3,16.81
C00645,20.77,0,10404.67,2128.24,9,54.21
C00646,11.06,1,3926.96,1268.65,0,24.77
C00647,28.04,15,55384.66,2086.29,0,13.49
C00648,23.42,6,18986.5,2456.83,4,19.04
C00649,22.67,2,7577.95,1792.86,5,49.15
C00650,28.51,18,42564.15,3260.81,1,7.13
C00651,16.23,10,9464.03,2411.82,2,26.54
C00652,5.09,2,5487.92,1416.8,4,45.7
C00653,17.91,3,9619.63,1525.79,4,45.42
C00654,18.6,8,22196.24,2556.66,2,12.86
C00655,1.26,4,3396.07,1643.94,0,44.98
C00656,21.06,8,23840.68,2909.14,2,10.85
C00657,3.49,4,4355.06,1459.34,2,30.3
C00658,23.34,8,17829.66,2313.08,3,16.36
C00659,18.06,11,26409.22,2304.92,4,16.6
C00660,13.75,11,19770.58,1602.08,3,17.42
C00661,14.94,13,21159.28,2580.61,3,18.57
C00662,3.25,2,3016.97,1089.87,1,39.18
C00663,20.48,10,16384.07,2264.1,3,1.0
C00664,24.61,22,36863.75,2950.71,4,4.96
C00665,18.01,5,26322.54,2070.83,3,27.48
C00666,19.63,2,5881.81,1997.97,5,23.24
C00667,6.79,1,5101.17,1553.04,1,32.42
C00668,1.0,1,4321.22,2169.54,3,43.34
C00669,15.41,6,28268.95,2033.94,6,27.75
C00670,7.56,7,15989.3,2072.05,3,38.97
C00671,20.46,19,57548.57,2899.29,2,3.82
C00672,18.64,11,20474.2,2299.57,5,24.56
C00673,7.29,1,2219.99,1434.11,2,36.39
C00674,8.45,1,3372.06,1706.02,3,39.99
C00675,15.64,5,20708.88,2359.08,2,14.94
C00676,21.22,7,15477.7,2518.77,4,22.21
C00677,10.7,0,4759.99,1617.62,4,51.97
C00678,18.29,8,20652.15,1990.89,4,6.89
C00679,24.21,26,46365.28,2792.59,1,9.34
C00680,13.58,8,22819.9,1855.43,4,23.76
C00681,35.38,19,81171.33,3374.54,2,4.5
C00682,17.42,13,26692.91,2617.42,4,9.21
C00683,31.41,13,38612.76,3007.62,3,11.61
C00684,20.98,11,14569.06,2063.26,1,3.98
C00685,20.18,2,9681.25,2243.34,5,63.85
C00686,14.03,3,19554.89,1935.19,2,31.83
C00687,8.84,10,14523.37,2417.89,3,20.66
C00688,3.22,1,4205.43,2031.24,3,28.85
C00689,17.37,7,7756.06,2384.74,5,54.37
C00690,21.72,10,15551.25,1816.67,4,26.34
C00691,27.07,14,19605.79,1991.08,5,22.99
C00692,3.07,1,3639.51,1446.82,2,64.31
C00693,22.55,13,10308.09,2188.69,4,7.31
C00694,14.07,6,19097.64,2669.75,6,12.3
C00695,9.11,3,3503.91,1619.69,2,75.38
C00696,24.61,6,22580.74,2412.33,3,25.92
C00697,16.32,3,7803.1,992.7,6,44.98
C00698,10.88,13,21268.93,2089.56,2,20.07
C00699,21.94,2,7487.93,2147.23,2,54.14
C00700,15.42,9,16742.67,2148.17,6,15.73
C00701,19.75,15,16524.93,2735.14,3,30.47
C00702,22.5,10,18704.66,1881.59,3,24.28
C00703,27.91,17,49742.96,3346.61,3,5.33
C00704,4.33,2,4985.79,1843.8,0,40.25
C00705,12.42,8,26219.84,1602.09,1,12.2
C00706,19.72,11,20968.52,2511.49,0,26.32
C00707,12.82,4,4191.44,1801.98,6,72.34
C00708,3.9,3,4786.91,2002.2,8,74.31
C00709,14.79,12,25124.06,1524.86,4,24.71
C00710,16.45,5,23243.3,1680.17,3,17.72
C00711,9.86,1,2110.04,1529.67,4,86.17
C00712,4.45,3,4783.66,2207.52,4,44.88
C00713,4.64,2,3420.16,1645.11,2,21.06
C00714,9.91,2,4510.26,1287.68,0,44.39
C00715,24.07,3,7000.83,1451.86,10,39.56
C00716,13.65,11,10647.91,2546.11,4,24.29
C00717,21.35,9,14215.83,2050.97,2,21.4
C00718,33.65,24,55345.91,3316.06,2,6.09
C00719,18.32,2,8172.96,1375.52,4,64.53
C00720,10.55,1,3871.8,1340.18,2,70.5
C00721,22.84,11,27589.56,1853.64,2,12.95
C00722,16.47,2,18066.57,1909.4,4,20.47
C00723,23.8,20,58509.37,2554.15,2,1.0
C00724,2.64,1,3096.42,1216.39,1,22.94
C00725,29.2,20,55621.29,2905.56,0,5.52
C00726,25.15,16,52674.83,3541.49,3,4.05
C00727,22.07,11,15372.7,2397.1,3,8.13
C00728,31.19,19,49950.9,2883.15,1,10.44
C00729,17.74,9,20607.14,1695.9,2,2.53
C00730,21.39,5,19596.56,2229.85,4,9.57
C00731,17.61,14,26714.42,2445.56,4,10.96
C00732,33.03,17,57044.75,2615.22,2,8.66
C00733,29.72,20,46787.25,2295.52,4,17.96
C00734,20.68,5,15520.62,2278.19,5,9.51
C00735,27.13,19,59781.21,2745.38,0,10.48
C00736,22.87,3,8513.1,1610.2,4,70.4
C00737,20.32,10,25759.52,1730.81,2,19.11
C00738,14.61,11,18156.7,1752.61,3,19.19
C00739,23.61,10,21075.16,2212.1,3,12.99
C00740,19.73,8,26604.2,2569.76,4,20.65
C00741,27.38,13,50054.45,2945.63,2,9.88
C00742,34.45,15,45852.32,3552.89,3,6.44
C00743,6.57,2,3041.05,1641.8,6,48.42
C00744,32.64,11,47635.9,3452.97,2,1.0
C00745,22.04,15,10018.42,2631.79,0,24.57
C00746,17.95,2,21007.62,2502.79,4,22.09
C00747,15.53,3,22113.39,2712.41,5,4.08
C00748,8.91,6,11831.61,2115.47,4,7.99
C00749,20.44,4,6129.6,1730.99,2,50.02
C00750,7.03,2,3492.54,1573.27,2,50.15
C00751,24.01,9,20429.18,2034.84,2,21.66
C00752,14.67,10,19127.15,1993.62,3,14.44
C00753,8.13,10,20041.96,2397.38,2,31.27
C00754,15.72,6,14528.42,1493.13,5,27.6
C00755,19.21,2,12028.17,1659.31,5,76.56
C00756,21.95,16,20119.25,1961.04,2,5.07
C00757,16.33,12,21694.75,2107.11,2,19.59
C00758,11.05,2,3216.76,1260.91,3,1.0
C00759,30.68,28,38424.64,2791.38,2,6.15
C00760,24.22,10,19685.35,2379.05,3,40.26
C00761,16.06,3,3223.83,1582.62,8,34.97
C00762,12.9,18,64336.7,2919.07,2,1.0
C00763,31.17,21,35964.41,3410.54,3,12.53
C00764,32.08,21,56686.49,3290.81,0,2.0
C00765,4.06,2,3504.58,1597.4,4,65.67
C00766,21.89,19,44369.52,2815.29,2,1.0
C00767,32.47,11,16319.34,2774.58,2,18.93
C00768,24.59,25,51055.14,2967.27,3,10.34
C00769,27.62,22,74846.35,3042.83,2,8.68
C00770,24.17,2,6804.21,1185.02,4,47.23
C00771,17.66,14,21411.97,1780.77,2,27.62
C00772,24.76,9,17008.63,2493.73,2,20.74
C00773,31.64,10,15509.76,2243.63,2,8.24
C00774,9.8,3,2595.82,1386.83,1,42.3
C00775,24.06,14,69029.52,3109.92,3,11.53
C00776,10.08,2,3354.32,1419.29,3,51.15
C00777,12.32,1,7865.59,1718.29,2,62.61
C00778,34.76,28,48479.22,2657.58,1,8.83
C00779,16.42,2,7062.68,1008.53,8,43.44
C00780,6.86,1,2242.94,1416.12,2,53.64
C00781,26.63,11,23329.74,2606.14,4,17.74
C00782,11.04,3,3843.14,1063.61,1,40.05
C00783,22.68,9,24115.91,2560.33,5,26.44
C00784,7.74,4,5981.18,1140.37,5,74.87
C00785,8.84,4,3230.4,2234.34,2,45.4
C00786,10.32,12,16740.44,1873.53,5,26.11
C00787,11.53,2,2933.73,1482.04,3,72.96
C00788,20.21,15,23037.37,2017.82,4,29.94
C00789,28.99,5,7564.19,1713.32,7,80.11
C00790,18.04,4,7628.49,1668.84,6,57.03
C00791,28.31,8,19236.75,1797.12,4,27.57
C00792,27.75,10,21584.59,2046.26,4,20.2
C00793,18.35,9,21033.65,1997.05,3,29.95
C00794,46.97,13,40664.76,2469.28,2,11.58
C00795,32.14,19,56760.42,2588.56,2,7.92
C00796,8.49,6,13952.95,2367.44,3,22.28
C00797,15.12,12,57968.94,1649.6,3,1.0
C00798,33.9,14,61440.13,4343.67,0,10.78
C00799,2.34,4,6983.07,1851.91,4,66.71
C00800,4.86,5,6476.87,1238.92,9,53.99
C00801,28.35,5,5504.64,1766.0,6,77.89
C00802,20.63,10,18100.54,2082.31,5,18.03
C00803,5.42,1,2280.11,1079.37,1,71.97
C00804,16.76,11,7845.6,2298.91,3,14.63
C00805,29.27,16,32885.13,3315.01,2,6.74
C00806,21.24,12,54015.03,3626.05,2,2.47
C00807,16.58,3,9660.11,2042.69,0,63.18
C00808,20.98,12,50303.74,3084.94,0,10.82
C00809,22.58,9,15095.69,1757.22,5,7.42
C00810,11.26,2,2875.42,987.57,2,56.04
C00811,18.65,20,52801.11,2610.31,3,1.0
C00812,30.43,24,64959.49,3075.41,2,5.46
C00813,5.79,3,1950.58,1727.23,5,43.89
C00814,9.93,5,22494.54,2079.09,4,14.26
C00815,33.81,17,45407.46,2719.55,1,15.96
C00816,6.61,3,2302.07,1184.42,2,64.82
C00817,4.92,1,3202.1,1649.71,4,51.37
C00818,21.86,11,13811.43,1762.83,1,8.67
C00819,20.57,3,7698.74,762.91,10,41.59
C00820,30.31,5,15344.19,1329.0,4,10.29
C00821,20.49,13,58996.2,3220.16,4,5.26
C00822,19.31,5,17492.32,1918.4,4,25.12
C00823,23.95,6,23493.11,2084.57,3,13.04
C00824,11.08,6,8268.53,1869.84,5,91.69
C00825,12.22,1,2644.3,1435.73,2,32.38
C00826,31.07,24,40177.35,2392.33,2,6.25
C00827,29.99,12,23249.45,2007.47,3,7.84
C00828,22.69,10,24786.99,2026.21,3,19.19
C00829,10.57,1,3956.87,1493.85,0,7.48
C00830,17.18,13,26536.08,2224.38,6,17.7
C00831,21.67,2,6213.5,1529.0,2,74.31
C00832,14.15,7,13690.13,2028.47,6,32.66
C00833,8.03,8,14345.39,2445.92,3,13.54
C00834,15.51,2,11535.62,2018.78,7,15.0
C00835,14.53,6,10815.32,1061.16,5,36.98
C00836,28.27,10,15544.92,2111.96,0,10.41
C00837,15.26,4,2646.71,1647.54,8,33.23
C00838,7.92,2,5228.69,1430.96,2,60.39
C00839,10.04,8,16949.24,2051.38,4,21.88
C00840,13.51,9,25706.99,1809.02,3,16.65
C00841,27.56,11,64696.87,2551.54,3,5.51
C00842,10.62,5,9984.71,1883.47,8,50.67
C00843,17.95,7,23068.29,1857.31,5,15.79
C00844,18.12,11,19107.39,1995.73,3,24.26
C00845,23.36,17,52092.58,3289.06,2,15.23
C00846,6.37,2,2777.66,1105.01,0,35.45
C00847,24.81,9,16819.1,2529.29,5,26.79
C00848,9.03,2,12034.34,1896.46,5,65.78
C00849,35.05,16,53974.96,3316.95,1,8.05
C00850,2.54,1,2267.97,1643.14,2,33.33
C00851,28.36,13,55859.23,3409.12,2,7.19
C00852,20.24,3,21415.68,3185.66,3,17.17
C00853,9.97,4,4267.46,853.32,3,91.29
C00854,9.49,1,3366.38,1115.79,4,27.79
C00855,18.45,6,16540.98,2620.15,3,14.09
C00856,11.13,3,13369.24,2139.19,4,14.08
C00857,25.99,2,6904.97,1368.17,8,86.46
C00858,1.0,2,4644.21,1065.92,3,66.99
C00859,18.47,11,26924.06,2781.95,3,14.27
C00860,12.48,12,12827.01,2011.6,3,14.48
C00861,16.96,7,7196.0,1625.84,8,58.59
C00862,25.08,3,6878.94,1086.51,3,27.46
C00863,17.66,1,10638.94,1812.1,6,42.34
C00864,21.73,7,14565.8,2515.92,4,16.36
C00865,32.49,18,55447.12,2532.42,4,5.68
C00866,13.22,2,4049.23,1720.27,4,29.87
C00867,11.3,4,2663.7,1510.41,1,38.76
C00868,26.98,1,5144.7,2444.36,7,86.81
C00869,24.85,19,46053.91,2964.49,0,10.74
C00870,19.94,9,17243.36,1786.84,4,9.8
C00871,18.58,6,11213.8,1197.95,5,61.32
C00872,27.51,12,55467.84,2895.49,4,6.99
C00873,11.67,1,1663.59,1716.5,4,27.77
C00874,18.14,5,18184.51,2392.92,2,16.26
C00875,7.09,2,11895.28,1829.17,4,50.28
C00876,1.0,1,4768.44,1457.26,5,43.28
C00877,17.78,11,6973.36,2171.73,3,28.4
C00878,23.79,6,24589.62,2008.19,2,19.38
C00879,13.58,5,8351.56,1882.26,8,71.39
C00880,22.7,13,21739.07,2158.68,5,17.36
C00881,18.2,14,26298.66,2097.14,2,28.24
C00882,20.6,3,6695.32,1932.68,6,45.03
C00883,7.52,2,2511.99,1771.15,4,62.46
C00884,16.34,11,19350.83,1667.49,4,19.02
C00885,33.56,13,22200.18,2187.21,3,10.97
C00886,7.57,6,18785.27,1363.06,2,16.27
C00887,16.71,7,17463.19,2703.36,4,14.08
C00888,27.52,18,45088.4,2553.89,3,6.32
C00889,20.34,18,53062.09,2012.28,2,11.47
C00890,18.16,6,10627.77,2379.57,12,66.37
C00891,18.98,12,16483.44,2137.69,2,20.79
C00892,4.39,1,3537.52,1458.69,0,18.8
C00893,11.12,6,20864.9,2176.63,5,23.27
C00894,35.5,20,53887.11,3394.71,3,9.5
C00895,23.9,0,6773.84,1677.68,8,78.57
C00896,1.2,3,1477.12,1157.64,2,39.27
C00897,8.65,11,22057.31,2468.91,2,17.72
C00898,17.82,14,6245.9,1765.07,3,10.4
C00899,16.45,9,16040.41,2122.56,4,16.35
C00900,15.28,9,18966.54,1490.89,4,14.84
C00901,25.57,11,24265.3,1746.15,2,9.3
C00902,13.77,13,25693.71,1698.15,2,17.47
C00903,32.1,11,37573.0,3120.33,0,6.21
C00904,18.97,10,18362.27,1971.99,4,20.0
C00905,4.41,2,3498.12,2015.47,3,66.86
C00906,10.73,2,6911.55,1742.57,4,73.99
C00907,23.3,8,21887.7,2178.01,4,8.59
C00908,26.98,18,57612.78,2617.2,0,3.67
C00909,17.63,9,26576.87,2303.96,3,17.77
C00910,24.63,7,18368.72,1718.76,5,20.75
C00911,10.05,3,8774.13,1699.71,5,45.19
C00912,8.36,2,2410.11,1099.18,2,41.74
C00913,5.71,2,3972.4,1710.47,3,40.67
C00914,4.73,1,2228.9,1505.9,1,46.73
C00915,3.14,0,4065.23,1357.68,1,25.31
C00916,8.69,3,2476.0,1435.33,4,12.41
C00917,41.77,28,27642.96,2856.12,1,6.94
C00918,25.07,21,50986.87,2490.09,2,10.06
C00919,10.9,4,27967.34,1875.15,3,15.22
C00920,21.29,14,21609.7,1568.57,1,15.21
C00921,26.12,11,59374.07,2411.16,3,15.28
C00922,6.01,2,1398.47,1687.1,1,25.43
C00923,12.97,2,6687.1,2179.87,4,81.03
C00924,10.05,14,14425.7,2099.65,2,15.59
C00925,33.61,24,62714.72,2717.81,2,4.87
C00926,12.05,6,17030.92,2187.36,0,17.68
C00927,38.61,22,46733.34,2271.41,2,1.0
C00928,11.44,2,5380.69,981.91,3,43.19
C00929,16.01,5,21680.87,2336.65,6,25.06
C00930,10.84,1,4078.77,2389.29,4,77.2
C00931,21.15,10,17619.09,2331.24,3,15.42
C00932,22.18,9,15407.49,2309.94,3,21.42
C00933,15.28,5,26807.83,2641.31,4,15.29
C00934,12.9,5,6615.42,1546.98,10,54.28
C00935,27.38,1,8795.46,2628.43,6,51.04
C00936,10.99,12,15534.42,2066.82,1,28.9
C00937,11.62,2,1499.61,1960.77,1,25.11
C00938,15.67,15,38908.26,2619.73,3,6.5
C00939,8.42,1,3084.72,2076.27,1,51.92
C00940,17.04,24,47705.14,3372.74,2,10.45
C00941,22.03,8,23913.58,1834.36,4,15.27
C00942,8.4,2,3064.97,1177.59,2,45.8
C00943,24.22,18,53206.04,2622.64,2,3.98
C00944,32.07,12,20228.92,2510.24,0,1.0
C00945,15.6,5,17935.28,2171.98,4,10.03
C00946,20.4,9,20563.79,1918.08,5,17.28
C00947,27.42,2,9357.07,1776.13,5,64.48
C00948,5.8,0,100.0,1881.73,4,78.97
C00949,6.93,1,2454.54,1503.43,0,74.67
C00950,31.44,10,18951.11,1646.76,5,18.53
C00951,16.27,10,16364.3,2151.41,1,25.61
C00952,17.37,12,18094.89,2052.33,1,23.32
C00953,12.74,8,19004.71,2142.43,0,16.38
C00954,33.57,16,49977.41,2973.08,2,3.88
C00955,6.85,3,1633.47,1387.66,0,61.94
C00956,6.63,1,3119.95,1138.92,0,18.72
C00957,7.53,5,5667.2,1986.49,4,66.39
C00958,11.84,9,19237.83,2914.73,4,13.85
C00959,22.11,15,11666.64,1805.13,3,15.08
C00960,16.0,5,25317.8,1602.09,3,25.32
C00961,17.82,6,12930.96,2019.5,2,19.44
C00962,9.59,11,19519.97,2166.44,5,14.94
C00963,22.92,16,50267.26,2859.07,1,1.0
C00964,24.07,19,53226.32,3439.8,4,11.04
C00965,12.53,3,5222.87,2055.26,3,57.71
C00966,16.77,9,17479.73,2317.44,2,16.66
C00967,1.0,4,2713.38,1636.67,4,50.41
C00968,38.11,13,73576.39,3389.2,2,13.7
C00969,10.99,8,25499.13,1446.53,4,21.73
C00970,29.82,4,26243.34,1904.19,2,9.45
C00971,11.47,10,13994.51,2359.1,2,9.51
C00972,24.31,19,49503.82,2915.39,3,12.33
C00973,25.83,14,52684.85,3111.79,1,4.44
C00974,4.12,2,2010.66,1712.11,0,16.57
C00975,16.0,8,12454.1,1887.64,2,15.25
C00976,16.06,2,11194.59,1995.28,4,56.42
C00977,18.74,13,16298.28,2368.57,3,28.44
C00978,25.75,10,17819.73,2277.31,3,29.76
C00979,18.47,8,16931.73,1675.44,4,12.26
C00980,24.59,5,19572.59,2502.58,0,32.13
C00981,5.3,2,3742.88,1717.84,2,62.95
C00982,9.08,4,3679.03,2089.39,3,12.5
C00983,33.28,2,11238.86,1810.72,8,44.67
C00984,21.75,8,26105.51,2253.53,4,2.85
C00985,27.4,20,54012.53,3332.52,2,8.2
C00986,11.72,0,3766.16,1399.83,1,51.06
C00987,25.36,12,18391.99,2406.51,4,17.39
C00988,23.15,15,59540.68,2881.03,1,1.26
C00989,22.99,7,20486.74,2533.9,1,17.68
C00990,13.81,4,10597.9,1268.22,7,70.47
C00991,13.7,3,8546.12,1937.93,7,63.42
C00992,8.13,4,10416.96,1874.43,3,53.28
C00993,16.36,1,6599.65,1236.25,7,57.49
C00994,8.13,10,18745.71,2280.74,2,12.39
C00995,3.92,1,3024.47,1544.39,2,37.38
C00996,15.89,17,15531.74,1904.71,8,20.95
C00997,5.34,4,5224.9,2163.62,6,48.4
C00998,39.26,20,60756.9,3095.71,2,10.45
C00999,11.84,2,5342.14,1755.15,2,49.53
C01000,18.82,5,18594.68,2177.42,2,20.36
C01001,28.15,21,57968.01,2975.22,1,15.16
C01002,17.15,9,17458.66,1929.06,5,27.7
C01003,31.11,18,57572.06,2933.21,2,9.35
C01004,24.91,19,53837.99,3171.32,1,10.84
C01005,8.66,2,6177.69,1371.18,8,40.46
C01006,13.81,13,16432.38,2034.15,1,23.83
C01007,10.39,3,3698.79,1522.08,1,30.33
C01008,25.74,11,15880.13,2113.94,3,10.1
C01009,16.24,2,5118.66,1208.35,3,49.43
C01010,17.49,6,21928.33,2077.06,4,16.72
C01011,9.49,3,4343.31,2015.78,4,68.77
C01012,15.97,12,13948.2,1862.78,4,26.19
C01013,28.0,9,27269.86,1998.62,5,11.4
C01014,8.68,0,1541.93,1640.0,0,52.69
C01015,23.44,7,14639.71,1934.03,2,17.29
C01016,28.71,17,67069.23,2576.27,3,3.84
C01017,15.51,5,10328.39,1631.9,7,61.32
C01018,4.84,3,5421.24,1641.51,3,57.1
C01019,17.77,20,42849.16,2634.55,4,6.99
C01020,13.56,12,14735.45,1943.4,5,18.3
C01021,1.0,3,2484.59,1961.96,1,63.92
C01022,27.43,2,7016.97,1955.45,4,59.05
C01023,6.1,2,3063.62,1521.38,2,34.22
C01024,14.67,9,18798.59,1946.4,3,5.3
C01025,9.89,3,5359.71,2451.68,6,57.65
C01026,15.1,9,13531.36,2040.56,2,16.06
C01027,1.0,1,4903.1,1749.12,4,69.98
C01028,22.04,8,14332.37,2501.36,3,35.46
C01029,12.44,6,7108.02,2334.42,9,39.66
C01030,15.09,6,13465.25,2333.47,3,18.37
C01031,21.34,3,24790.45,1977.82,4,22.34
C01032,24.6,3,2190.91,1822.85,6,39.49
C01033,18.88,8,12957.61,2335.02,2,15.16
C01034,5.15,3,2946.81,1523.73,1,53.33
C01035,26.1,11,22090.9,2312.18,1,11.87
C01036,13.57,2,4838.66,1051.13,3,51.15
C01037,17.58,7,19355.16,1948.16,5,16.87
C01038,22.18,10,12690.68,2068.27,1,17.24
C01039,13.53,10,12959.41,2105.15,4,24.35
C01040,22.65,18,53657.32,3596.21,1,4.36
C01041,47.63,17,34981.06,2637.85,0,8.96
C01042,20.67,2,6323.19,2169.46,2,35.18
C01043,13.4,2,6765.33,1294.5,6,52.76
C01044,18.84,3,8016.73,1221.48,7,50.04
C01045,26.83,22,45525.08,3508.03,3,11.01
C01046,12.12,2,23854.76,2138.98,2,26.21
C01047,12.83,8,21362.01,1710.24,3,25.62
C01048,16.48,5,10334.01,1803.1,1,38.41
C01049,10.05,0,2575.3,1601.54,4,34.65
C01050,14.14,9,20579.11,2046.01,5,12.41
C01051,15.84,4,6499.42,2135.88,6,66.83
C01052,29.36,20,46308.47,2616.15,3,10.54
C01053,11.86,10,8318.01,1899.12,4,17.12
C01054,28.83,6,48469.72,3052.22,2,11.85
C01055,16.74,9,13005.47,2028.42,1,5.06
C01056,7.4,5,6823.6,1887.95,5,28.14
C01057,10.74,0,2278.77,1483.62,2,31.92
C01058,6.97,7,15630.59,1829.42,4,9.5
C01059,19.81,9,23322.05,2053.4,4,16.79
C01060,18.04,1,904.3,1951.02,7,62.13
C01061,4.9,3,2402.16,1626.26,3,75.94
C01062,12.78,2,3754.64,2420.95,7,61.8
C01063,36.7,10,13139.55,2031.43,2,15.23
C01064,12.18,2,4016.79,2437.0,7,51.62
C01065,22.55,10,20240.61,2339.75,3,22.69
C01066,10.01,2,2713.49,1959.12,1,52.04
C01067,20.48,7,15364.8,1976.15,2,7.79
C01068,10.44,3,10664.86,2021.76,1,64.62
C01069,24.09,20,51872.78,2813.29,2,7.91
C01070,26.07,9,23884.91,2428.97,4,5.49
C01071,11.47,2,3930.45,1208.24,0,80.57
C01072,8.3,5,7796.05,1631.95,6,35.48
C01073,17.92,6,17220.5,2423.85,3,7.62
C01074,10.41,2,2295.16,1724.0,2,24.02
C01075,14.39,2,2894.2,1378.47,4,35.55
C01076,8.73,7,24970.49,2391.25,3,27.61
C01077,22.49,8,18253.41,2215.26,2,18.03
C01078,19.85,4,18148.06,1993.93,5,5.09
C01079,12.33,2,9900.18,1782.58,10,64.93
C01080,15.54,10,17406.69,2400.79,1,12.23
C01081,20.73,13,9091.14,2581.06,3,4.81
C01082,1.0,0,2974.38,1480.23,3,35.11
C01083,2.57,2,3043.69,1569.23,1,61.23
C01084,4.51,1,2294.89,1822.45,2,32.5
C01085,10.7,4,3272.59,1870.15,4,34.1
C01086,15.19,1,6987.64,1549.52,5,43.75
C01087,12.99,4,7201.27,1054.25,5,32.21
C01088,16.71,4,8141.37,1485.04,6,47.95
C01089,11.17,11,22681.12,2432.11,2,26.26
C01090,15.04,11,16700.89,2021.61,0,15.89
C01091,18.55,8,26902.85,1693.14,2,11.67
C01092,11.05,5,11195.08,1519.68,5,37.64
C01093,25.84,12,18523.08,1611.37,1,19.19
C01094,21.3,3,17554.11,2666.4,3,28.43
C01095,21.89,6,17682.98,2054.96,2,11.21
C01096,27.04,6,23852.96,1947.23,3,21.93
C01097,14.41,11,9791.07,2253.9,0,16.41
C01098,10.42,3,1312.07,1149.1,1,48.35
C01099,1.0,2,3404.86,1415.09,3,49.03
C01100,24.21,10,53200.72,2471.12,1,9.92
C01101,37.92,18,56986.58,2249.98,2,7.76
C01102,25.38,7,17912.63,2470.59,3,10.24
C01103,32.86,1,7338.25,1938.68,7,52.15
C01104,6.26,2,1549.29,2145.07,2,55.74
C01105,25.66,17,47901.01,2202.57,2,6.37
C01106,23.2,1,6057.13,1440.62,9,41.96
C01107,31.94,22,50684.89,2280.44,1,11.44
C01108,10.44,10,19514.57,2232.0,4,11.46
C01109,3.1,3,2181.85,674.96,3,26.35
C01110,20.8,13,19075.43,2448.52,3,29.11
C01111,20.57,18,58058.45,2814.31,3,6.27
C01112,30.42,15,20269.32,2293.41,5,9.69
C01113,5.82,5,8184.97,1709.4,6,19.21
C01114,6.24,1,4193.49,1798.51,3,52.12
C01115,1.01,3,3818.22,1873.56,5,14.53
C01116,25.28,15,53552.56,2906.03,2,12.11
C01117,20.29,14,42781.97,2737.85,1,7.81
C01118,13.84,2,9684.42,1776.2,8,52.07
C01119,17.85,7,18968.29,2349.28,2,21.63
C01120,3.75,3,2246.12,1755.5,2,72.38
C01121,6.92,1,5959.46,1246.16,3,64.32
C01122,27.97,16,48517.34,2631.24,4,5.06
C01123,1.71,3,2719.52,2111.63,1,60.23
C01124,35.58,16,45313.71,3233.61,3,2.36
C01125,11.23,1,21679.24,2008.36,3,6.16
C01126,11.41,8,15974.53,2141.24,4,33.89
C01127,17.88,12,15265.12,1513.77,2,6.82
C01128,15.1,2,2614.32,2494.41,5,30.44
C01129,21.29,2,10225.42,1506.64,5,60.17
C01130,9.37,3,2883.34,1658.59,3,48.61
C01131,6.43,1,3778.93,1512.65,1,68.0
C01132,9.43,14,18899.77,2211.13,2,6.33
C01133,27.02,19,58086.03,2810.89,0,1.83
C01134,29.36,1,11067.62,1426.37,6,64.38
C01135,3.72,4,3098.45,1638.26,2,56.86
C01136,27.47,9,26783.71,1885.94,4,21.42
C01137,11.59,10,19033.15,1801.38,4,19.02
C01138,17.56,9,18594.95,1971.31,3,13.49
C01139,46.6,12,46737.38,2672.42,4,2.72
C01140,17.98,3,8334.01,2294.54,8,48.24
C01141,19.16,3,19445.92,1822.1,3,6.2
C01142,17.83,0,7870.71,1309.4,4,72.32
C01143,9.35,3,5027.65,1268.15,4,18.62
C01144,9.98,2,1790.61,1684.34,3,61.47
C01145,19.29,9,21370.9,2206.32,4,19.43
C01146,23.06,4,18409.27,1615.65,3,29.49
C01147,11.68,3,9391.22,972.91,5,60.47
C01148,1.0,1,4431.12,1800.9,3,60.88
C01149,19.29,11,17579.56,2140.53,2,26.84
C01150,13.09,3,2469.46,1213.87,4,54.79
C01151,30.3,15,55830.97,2411.62,3,13.52
C01152,13.52,3,1203.37,1559.2,5,29.36
C01153,27.59,24,57554.21,4016.07,1,4.04
C01154,36.57,13,50229.09,2870.46,3,10.46
C01155,20.74,8,24467.52,3509.04,4,18.7
C01156,18.91,15,50076.61,2659.43,2,15.11
C01157,36.73,17,41125.48,3501.82,2,1.09
C01158,32.99,22,30166.82,2528.95,2,10.94
C01159,14.91,7,22272.26,1936.09,4,10.22
C01160,5.53,4,8131.3,2168.98,5,43.07
C01161,37.53,12,63263.15,3494.23,3,5.25
C01162,9.28,3,4262.4,1415.32,7,64.74
C01163,2.8,3,3590.59,1952.97,3,64.05
C01164,31.34,22,40415.95,2845.21,2,7.03
C01165,31.11,21,55530.31,2820.38,1,12.39
C01166,8.4,1,2748.21,977.01,2,41.43
C01167,4.7,4,1497.0,1711.92,5,64.39
C01168,17.81,6,12870.72,1955.96,2,12.96
C01169,5.69,2,3630.78,1128.66,1,42.13
C01170,26.63,25,54090.22,2173.88,2,10.18
C01171,17.25,5,26911.25,1725.54,4,19.4
C01172,19.21,6,8904.1,1576.53,8,45.53
C01173,18.98,5,14350.23,2117.99,4,6.08
C01174,18.48,2,10699.22,1659.21,4,56.14
C01175,12.5,13,19002.39,2046.91,4,10.97
C01176,5.98,4,4750.82,1360.0,8,62.88
C01177,10.48,7,14933.21,2721.71,4,15.05
C01178,21.46,5,15973.09,2136.7,4,17.32
C01179,19.49,9,18263.9,1996.35,2,19.62
C01180,20.46,10,13696.31,1750.38,4,28.3
C01181,16.07,2,8060.85,1345.27,9,57.8
C01182,23.31,17,47256.67,3490.25,2,8.62
C01183,32.02,15,53743.39,3023.5,0,9.01
C01184,27.68,19,52320.67,3016.63,3,3.28
C01185,25.6,21,56328.33,3106.73,5,10.46
C01186,11.52,2,1709.21,1405.7,3,52.32
C01187,20.42,8,17317.89,2037.05,4,23.89
C01188,2.98,3,2154.06,1640.68,2,73.18
C01189,25.07,19,57459.34,2506.72,2,6.93
C01190,11.4,2,10280.04,1560.58,7,59.72
C01191,9.62,11,12639.19,2319.83,2,18.06
C01192,10.23,9,23171.28,1817.56,2,21.18
C01193,8.92,0,5620.03,1658.57,3,42.42
C01194,1.0,3,2265.26,1663.18,2,49.28
C01195,3.9,3,1455.11,2173.67,5,74.39
C01196,25.65,9,24249.46,2066.34,1,28.52
C01197,24.77,9,13486.67,1894.83,0,24.62
C01198,3.78,3,5390.77,1229.32,6,49.99
C01199,23.03,5,15592.08,1264.33,0,30.59
C01200,29.59,3,5440.43,1680.62,8,47.28
